{
    "0": {
        "precision": 0.8645418326693227,
        "recall": 0.868,
        "f1-score": 0.8662674650698603,
        "support": 1000.0
    },
    "1": {
        "precision": 0.9265873015873016,
        "recall": 0.934,
        "f1-score": 0.9302788844621513,
        "support": 1000.0
    },
    "2": {
        "precision": 0.7993951612903226,
        "recall": 0.793,
        "f1-score": 0.7961847389558233,
        "support": 1000.0
    },
    "3": {
        "precision": 0.7262021589793916,
        "recall": 0.74,
        "f1-score": 0.7330361565131253,
        "support": 1000.0
    },
    "4": {
        "precision": 0.8484546360917248,
        "recall": 0.851,
        "f1-score": 0.8497254118821768,
        "support": 1000.0
    },
    "5": {
        "precision": 0.8193411264612115,
        "recall": 0.771,
        "f1-score": 0.794435857805255,
        "support": 1000.0
    },
    "6": {
        "precision": 0.8503717472118959,
        "recall": 0.915,
        "f1-score": 0.8815028901734104,
        "support": 1000.0
    },
    "7": {
        "precision": 0.9148494288681205,
        "recall": 0.881,
        "f1-score": 0.8976057055527255,
        "support": 1000.0
    },
    "8": {
        "precision": 0.9168297455968689,
        "recall": 0.937,
        "f1-score": 0.9268051434223541,
        "support": 1000.0
    },
    "9": {
        "precision": 0.9331275720164609,
        "recall": 0.907,
        "f1-score": 0.9198782961460447,
        "support": 1000.0
    },
    "accuracy": 0.8597,
    "macro avg": {
        "precision": 0.859970071077262,
        "recall": 0.8597000000000001,
        "f1-score": 0.8595720549982927,
        "support": 10000.0
    },
    "weighted avg": {
        "precision": 0.8599700710772621,
        "recall": 0.8597,
        "f1-score": 0.8595720549982927,
        "support": 10000.0
    }
}