{
    "0": {
        "precision": 0.8503937007874016,
        "recall": 0.864,
        "f1-score": 0.8571428571428571,
        "support": 1000.0
    },
    "1": {
        "precision": 0.9094449853943525,
        "recall": 0.934,
        "f1-score": 0.9215589541193883,
        "support": 1000.0
    },
    "2": {
        "precision": 0.7830092118730808,
        "recall": 0.765,
        "f1-score": 0.7738998482549317,
        "support": 1000.0
    },
    "3": {
        "precision": 0.7090539165818922,
        "recall": 0.697,
        "f1-score": 0.7029752899646999,
        "support": 1000.0
    },
    "4": {
        "precision": 0.8219584569732937,
        "recall": 0.831,
        "f1-score": 0.8264545002486325,
        "support": 1000.0
    },
    "5": {
        "precision": 0.7899159663865546,
        "recall": 0.752,
        "f1-score": 0.7704918032786885,
        "support": 1000.0
    },
    "6": {
        "precision": 0.8508026440037771,
        "recall": 0.901,
        "f1-score": 0.875182127246236,
        "support": 1000.0
    },
    "7": {
        "precision": 0.8690944881889764,
        "recall": 0.883,
        "f1-score": 0.8759920634920635,
        "support": 1000.0
    },
    "8": {
        "precision": 0.909272183449651,
        "recall": 0.912,
        "f1-score": 0.91063404892661,
        "support": 1000.0
    },
    "9": {
        "precision": 0.9309623430962343,
        "recall": 0.89,
        "f1-score": 0.9100204498977505,
        "support": 1000.0
    },
    "accuracy": 0.8429,
    "macro avg": {
        "precision": 0.8423907896735214,
        "recall": 0.8429,
        "f1-score": 0.8424351942571858,
        "support": 10000.0
    },
    "weighted avg": {
        "precision": 0.8423907896735214,
        "recall": 0.8429,
        "f1-score": 0.8424351942571858,
        "support": 10000.0
    }
}