{
    "0": {
        "precision": 0.8760416666666667,
        "recall": 0.841,
        "f1-score": 0.8581632653061224,
        "support": 1000.0
    },
    "1": {
        "precision": 0.9422492401215805,
        "recall": 0.93,
        "f1-score": 0.9360845495722194,
        "support": 1000.0
    },
    "2": {
        "precision": 0.7378815080789947,
        "recall": 0.822,
        "f1-score": 0.7776726584673604,
        "support": 1000.0
    },
    "3": {
        "precision": 0.7082096933728981,
        "recall": 0.716,
        "f1-score": 0.712083540527101,
        "support": 1000.0
    },
    "4": {
        "precision": 0.8135593220338984,
        "recall": 0.864,
        "f1-score": 0.8380213385063046,
        "support": 1000.0
    },
    "5": {
        "precision": 0.8270762229806599,
        "recall": 0.727,
        "f1-score": 0.7738158594997339,
        "support": 1000.0
    },
    "6": {
        "precision": 0.8323970037453183,
        "recall": 0.889,
        "f1-score": 0.8597678916827853,
        "support": 1000.0
    },
    "7": {
        "precision": 0.9358108108108109,
        "recall": 0.831,
        "f1-score": 0.8802966101694916,
        "support": 1000.0
    },
    "8": {
        "precision": 0.8804448563484708,
        "recall": 0.95,
        "f1-score": 0.9139009139009139,
        "support": 1000.0
    },
    "9": {
        "precision": 0.9453781512605042,
        "recall": 0.9,
        "f1-score": 0.9221311475409836,
        "support": 1000.0
    },
    "accuracy": 0.847,
    "macro avg": {
        "precision": 0.8499048475419801,
        "recall": 0.8469999999999999,
        "f1-score": 0.8471937775173016,
        "support": 10000.0
    },
    "weighted avg": {
        "precision": 0.8499048475419803,
        "recall": 0.847,
        "f1-score": 0.8471937775173017,
        "support": 10000.0
    }
}