{
    "0": {
        "precision": 0.8546341463414634,
        "recall": 0.876,
        "f1-score": 0.8651851851851852,
        "support": 1000.0
    },
    "1": {
        "precision": 0.9231527093596059,
        "recall": 0.937,
        "f1-score": 0.9300248138957816,
        "support": 1000.0
    },
    "2": {
        "precision": 0.7944111776447106,
        "recall": 0.796,
        "f1-score": 0.7952047952047953,
        "support": 1000.0
    },
    "3": {
        "precision": 0.7262952101661779,
        "recall": 0.743,
        "f1-score": 0.7345526445872467,
        "support": 1000.0
    },
    "4": {
        "precision": 0.8453201970443349,
        "recall": 0.858,
        "f1-score": 0.8516129032258064,
        "support": 1000.0
    },
    "5": {
        "precision": 0.8357380688124306,
        "recall": 0.753,
        "f1-score": 0.7922146238821672,
        "support": 1000.0
    },
    "6": {
        "precision": 0.8498609823911029,
        "recall": 0.917,
        "f1-score": 0.8821548821548821,
        "support": 1000.0
    },
    "7": {
        "precision": 0.9167533818938606,
        "recall": 0.881,
        "f1-score": 0.898521162672106,
        "support": 1000.0
    },
    "8": {
        "precision": 0.9220138203356367,
        "recall": 0.934,
        "f1-score": 0.9279682066567313,
        "support": 1000.0
    },
    "9": {
        "precision": 0.9347826086956522,
        "recall": 0.903,
        "f1-score": 0.9186164801627671,
        "support": 1000.0
    },
    "accuracy": 0.8598,
    "macro avg": {
        "precision": 0.8602962302684976,
        "recall": 0.8598000000000001,
        "f1-score": 0.8596055697627468,
        "support": 10000.0
    },
    "weighted avg": {
        "precision": 0.8602962302684974,
        "recall": 0.8598,
        "f1-score": 0.8596055697627469,
        "support": 10000.0
    }
}