{
    "0": {
        "precision": 0.8914807302231237,
        "recall": 0.879,
        "f1-score": 0.8851963746223565,
        "support": 1000.0
    },
    "1": {
        "precision": 0.9281553398058252,
        "recall": 0.956,
        "f1-score": 0.941871921182266,
        "support": 1000.0
    },
    "2": {
        "precision": 0.808910891089109,
        "recall": 0.817,
        "f1-score": 0.8129353233830846,
        "support": 1000.0
    },
    "3": {
        "precision": 0.7108081791626095,
        "recall": 0.73,
        "f1-score": 0.7202762703502713,
        "support": 1000.0
    },
    "4": {
        "precision": 0.8309178743961353,
        "recall": 0.86,
        "f1-score": 0.8452088452088452,
        "support": 1000.0
    },
    "5": {
        "precision": 0.8311111111111111,
        "recall": 0.748,
        "f1-score": 0.7873684210526316,
        "support": 1000.0
    },
    "6": {
        "precision": 0.8622641509433963,
        "recall": 0.914,
        "f1-score": 0.887378640776699,
        "support": 1000.0
    },
    "7": {
        "precision": 0.8966202783300199,
        "recall": 0.902,
        "f1-score": 0.8993020937188435,
        "support": 1000.0
    },
    "8": {
        "precision": 0.9330669330669331,
        "recall": 0.934,
        "f1-score": 0.9335332333833083,
        "support": 1000.0
    },
    "9": {
        "precision": 0.9534391534391534,
        "recall": 0.901,
        "f1-score": 0.926478149100257,
        "support": 1000.0
    },
    "accuracy": 0.8641,
    "macro avg": {
        "precision": 0.8646774641567416,
        "recall": 0.8641,
        "f1-score": 0.8639549272778563,
        "support": 10000.0
    },
    "weighted avg": {
        "precision": 0.8646774641567415,
        "recall": 0.8641,
        "f1-score": 0.8639549272778564,
        "support": 10000.0
    }
}