{
    "0": {
        "precision": 0.8532555879494655,
        "recall": 0.878,
        "f1-score": 0.8654509610645639,
        "support": 1000.0
    },
    "1": {
        "precision": 0.9241379310344827,
        "recall": 0.938,
        "f1-score": 0.9310173697270472,
        "support": 1000.0
    },
    "2": {
        "precision": 0.7905138339920948,
        "recall": 0.8,
        "f1-score": 0.7952286282306164,
        "support": 1000.0
    },
    "3": {
        "precision": 0.7249757045675413,
        "recall": 0.746,
        "f1-score": 0.7353376047313948,
        "support": 1000.0
    },
    "4": {
        "precision": 0.8504486540378864,
        "recall": 0.853,
        "f1-score": 0.8517224163754369,
        "support": 1000.0
    },
    "5": {
        "precision": 0.8333333333333334,
        "recall": 0.755,
        "f1-score": 0.7922350472193075,
        "support": 1000.0
    },
    "6": {
        "precision": 0.854089219330855,
        "recall": 0.919,
        "f1-score": 0.8853564547206165,
        "support": 1000.0
    },
    "7": {
        "precision": 0.9192872117400419,
        "recall": 0.877,
        "f1-score": 0.8976458546571137,
        "support": 1000.0
    },
    "8": {
        "precision": 0.9236868186323092,
        "recall": 0.932,
        "f1-score": 0.9278247884519661,
        "support": 1000.0
    },
    "9": {
        "precision": 0.9338159255429163,
        "recall": 0.903,
        "f1-score": 0.9181494661921709,
        "support": 1000.0
    },
    "accuracy": 0.8601,
    "macro avg": {
        "precision": 0.8607544220160926,
        "recall": 0.8601000000000001,
        "f1-score": 0.8599968591370233,
        "support": 10000.0
    },
    "weighted avg": {
        "precision": 0.8607544220160925,
        "recall": 0.8601,
        "f1-score": 0.8599968591370234,
        "support": 10000.0
    }
}