{
    "0": {
        "precision": 0.8835257082896117,
        "recall": 0.842,
        "f1-score": 0.86226318484383,
        "support": 1000.0
    },
    "1": {
        "precision": 0.9442190669371197,
        "recall": 0.931,
        "f1-score": 0.9375629405840886,
        "support": 1000.0
    },
    "2": {
        "precision": 0.7396396396396396,
        "recall": 0.821,
        "f1-score": 0.7781990521327015,
        "support": 1000.0
    },
    "3": {
        "precision": 0.7086614173228346,
        "recall": 0.72,
        "f1-score": 0.7142857142857143,
        "support": 1000.0
    },
    "4": {
        "precision": 0.8174077578051088,
        "recall": 0.864,
        "f1-score": 0.8400583373845406,
        "support": 1000.0
    },
    "5": {
        "precision": 0.8327605956471936,
        "recall": 0.727,
        "f1-score": 0.7762947143619862,
        "support": 1000.0
    },
    "6": {
        "precision": 0.8314711359404097,
        "recall": 0.893,
        "f1-score": 0.8611378977820636,
        "support": 1000.0
    },
    "7": {
        "precision": 0.9361702127659575,
        "recall": 0.836,
        "f1-score": 0.8832540940306391,
        "support": 1000.0
    },
    "8": {
        "precision": 0.8807763401109058,
        "recall": 0.953,
        "f1-score": 0.9154658981748319,
        "support": 1000.0
    },
    "9": {
        "precision": 0.9435146443514645,
        "recall": 0.902,
        "f1-score": 0.9222903885480572,
        "support": 1000.0
    },
    "accuracy": 0.8489,
    "macro avg": {
        "precision": 0.8518146518810246,
        "recall": 0.8489000000000001,
        "f1-score": 0.8490812222128452,
        "support": 10000.0
    },
    "weighted avg": {
        "precision": 0.8518146518810245,
        "recall": 0.8489,
        "f1-score": 0.8490812222128452,
        "support": 10000.0
    }
}