{
    "0": {
        "precision": 0.8945233265720081,
        "recall": 0.882,
        "f1-score": 0.8882175226586103,
        "support": 1000.0
    },
    "1": {
        "precision": 0.9308666017526777,
        "recall": 0.956,
        "f1-score": 0.9432659102121361,
        "support": 1000.0
    },
    "2": {
        "precision": 0.8104639684106614,
        "recall": 0.821,
        "f1-score": 0.8156979632389468,
        "support": 1000.0
    },
    "3": {
        "precision": 0.7106796116504854,
        "recall": 0.732,
        "f1-score": 0.7211822660098522,
        "support": 1000.0
    },
    "4": {
        "precision": 0.8338164251207729,
        "recall": 0.863,
        "f1-score": 0.8481572481572481,
        "support": 1000.0
    },
    "5": {
        "precision": 0.8340757238307349,
        "recall": 0.749,
        "f1-score": 0.7892518440463646,
        "support": 1000.0
    },
    "6": {
        "precision": 0.8630783758262511,
        "recall": 0.914,
        "f1-score": 0.8878096163186012,
        "support": 1000.0
    },
    "7": {
        "precision": 0.8986083499005965,
        "recall": 0.904,
        "f1-score": 0.901296111665005,
        "support": 1000.0
    },
    "8": {
        "precision": 0.9340659340659341,
        "recall": 0.935,
        "f1-score": 0.9345327336331835,
        "support": 1000.0
    },
    "9": {
        "precision": 0.9555555555555556,
        "recall": 0.903,
        "f1-score": 0.9285347043701799,
        "support": 1000.0
    },
    "accuracy": 0.8659,
    "macro avg": {
        "precision": 0.8665733872685678,
        "recall": 0.8659000000000001,
        "f1-score": 0.8657945920310126,
        "support": 10000.0
    },
    "weighted avg": {
        "precision": 0.8665733872685678,
        "recall": 0.8659,
        "f1-score": 0.8657945920310128,
        "support": 10000.0
    }
}