{
    "0": {
        "precision": 0.8537782139352306,
        "recall": 0.87,
        "f1-score": 0.861812778603269,
        "support": 1000.0
    },
    "1": {
        "precision": 0.9134709931170109,
        "recall": 0.929,
        "f1-score": 0.9211700545364403,
        "support": 1000.0
    },
    "2": {
        "precision": 0.790721649484536,
        "recall": 0.767,
        "f1-score": 0.7786802030456853,
        "support": 1000.0
    },
    "3": {
        "precision": 0.7126673532440783,
        "recall": 0.692,
        "f1-score": 0.702181633688483,
        "support": 1000.0
    },
    "4": {
        "precision": 0.832995951417004,
        "recall": 0.823,
        "f1-score": 0.8279678068410463,
        "support": 1000.0
    },
    "5": {
        "precision": 0.7830578512396694,
        "recall": 0.758,
        "f1-score": 0.7703252032520326,
        "support": 1000.0
    },
    "6": {
        "precision": 0.8541666666666666,
        "recall": 0.902,
        "f1-score": 0.877431906614786,
        "support": 1000.0
    },
    "7": {
        "precision": 0.8666666666666667,
        "recall": 0.884,
        "f1-score": 0.8752475247524752,
        "support": 1000.0
    },
    "8": {
        "precision": 0.9028459273797841,
        "recall": 0.92,
        "f1-score": 0.9113422486379396,
        "support": 1000.0
    },
    "9": {
        "precision": 0.9228395061728395,
        "recall": 0.897,
        "f1-score": 0.90973630831643,
        "support": 1000.0
    },
    "accuracy": 0.8442,
    "macro avg": {
        "precision": 0.8433210779323487,
        "recall": 0.8442000000000001,
        "f1-score": 0.8435895668288588,
        "support": 10000.0
    },
    "weighted avg": {
        "precision": 0.8433210779323487,
        "recall": 0.8442,
        "f1-score": 0.8435895668288588,
        "support": 10000.0
    }
}