{
    "0": {
        "precision": 0.9009287925696594,
        "recall": 0.873,
        "f1-score": 0.8867445403758253,
        "support": 1000.0
    },
    "1": {
        "precision": 0.9331366764995084,
        "recall": 0.949,
        "f1-score": 0.9410014873574616,
        "support": 1000.0
    },
    "2": {
        "precision": 0.8131212723658051,
        "recall": 0.818,
        "f1-score": 0.8155533399800599,
        "support": 1000.0
    },
    "3": {
        "precision": 0.718562874251497,
        "recall": 0.72,
        "f1-score": 0.7192807192807192,
        "support": 1000.0
    },
    "4": {
        "precision": 0.8234732824427481,
        "recall": 0.863,
        "f1-score": 0.8427734375,
        "support": 1000.0
    },
    "5": {
        "precision": 0.8247535596933188,
        "recall": 0.753,
        "f1-score": 0.7872451646628332,
        "support": 1000.0
    },
    "6": {
        "precision": 0.8578110383536015,
        "recall": 0.917,
        "f1-score": 0.8864185596906718,
        "support": 1000.0
    },
    "7": {
        "precision": 0.888015717092338,
        "recall": 0.904,
        "f1-score": 0.8959365708622399,
        "support": 1000.0
    },
    "8": {
        "precision": 0.9304865938430983,
        "recall": 0.937,
        "f1-score": 0.9337319382162431,
        "support": 1000.0
    },
    "9": {
        "precision": 0.9526813880126183,
        "recall": 0.906,
        "f1-score": 0.9287544848795489,
        "support": 1000.0
    },
    "accuracy": 0.864,
    "macro avg": {
        "precision": 0.8642971195124194,
        "recall": 0.8640000000000001,
        "f1-score": 0.8637440242805603,
        "support": 10000.0
    },
    "weighted avg": {
        "precision": 0.8642971195124194,
        "recall": 0.864,
        "f1-score": 0.8637440242805604,
        "support": 10000.0
    }
}