{
    "0": {
        "precision": 0.8537549407114624,
        "recall": 0.864,
        "f1-score": 0.8588469184890656,
        "support": 1000.0
    },
    "1": {
        "precision": 0.9065238558909445,
        "recall": 0.931,
        "f1-score": 0.9185989146521953,
        "support": 1000.0
    },
    "2": {
        "precision": 0.782741116751269,
        "recall": 0.771,
        "f1-score": 0.7768261964735517,
        "support": 1000.0
    },
    "3": {
        "precision": 0.7148717948717949,
        "recall": 0.697,
        "f1-score": 0.7058227848101266,
        "support": 1000.0
    },
    "4": {
        "precision": 0.8232373386295928,
        "recall": 0.829,
        "f1-score": 0.8261086198305929,
        "support": 1000.0
    },
    "5": {
        "precision": 0.7901364113326338,
        "recall": 0.753,
        "f1-score": 0.7711213517665131,
        "support": 1000.0
    },
    "6": {
        "precision": 0.8502824858757062,
        "recall": 0.903,
        "f1-score": 0.8758486905916586,
        "support": 1000.0
    },
    "7": {
        "precision": 0.8708086785009862,
        "recall": 0.883,
        "f1-score": 0.8768619662363456,
        "support": 1000.0
    },
    "8": {
        "precision": 0.9086395233366436,
        "recall": 0.915,
        "f1-score": 0.9118086696562033,
        "support": 1000.0
    },
    "9": {
        "precision": 0.9290187891440501,
        "recall": 0.89,
        "f1-score": 0.9090909090909091,
        "support": 1000.0
    },
    "accuracy": 0.8436,
    "macro avg": {
        "precision": 0.8430014935045083,
        "recall": 0.8436,
        "f1-score": 0.8430935021597161,
        "support": 10000.0
    },
    "weighted avg": {
        "precision": 0.8430014935045085,
        "recall": 0.8436,
        "f1-score": 0.8430935021597161,
        "support": 10000.0
    }
}