{
    "0": {
        "precision": 0.8870116156282999,
        "recall": 0.84,
        "f1-score": 0.8628659476117103,
        "support": 1000.0
    },
    "1": {
        "precision": 0.9459734964322121,
        "recall": 0.928,
        "f1-score": 0.9369005552751136,
        "support": 1000.0
    },
    "2": {
        "precision": 0.7398739873987399,
        "recall": 0.822,
        "f1-score": 0.778777830412127,
        "support": 1000.0
    },
    "3": {
        "precision": 0.7152847152847153,
        "recall": 0.716,
        "f1-score": 0.7156421789105447,
        "support": 1000.0
    },
    "4": {
        "precision": 0.8148496240601504,
        "recall": 0.867,
        "f1-score": 0.8401162790697675,
        "support": 1000.0
    },
    "5": {
        "precision": 0.8335233751425314,
        "recall": 0.731,
        "f1-score": 0.7789025039957379,
        "support": 1000.0
    },
    "6": {
        "precision": 0.8339587242026266,
        "recall": 0.889,
        "f1-score": 0.8606001936108422,
        "support": 1000.0
    },
    "7": {
        "precision": 0.932596685082873,
        "recall": 0.844,
        "f1-score": 0.8860892388451443,
        "support": 1000.0
    },
    "8": {
        "precision": 0.879740980573543,
        "recall": 0.951,
        "f1-score": 0.9139836617011052,
        "support": 1000.0
    },
    "9": {
        "precision": 0.9400206825232679,
        "recall": 0.909,
        "f1-score": 0.9242501270971022,
        "support": 1000.0
    },
    "accuracy": 0.8497,
    "macro avg": {
        "precision": 0.8522833886328959,
        "recall": 0.8497,
        "f1-score": 0.8498128516529195,
        "support": 10000.0
    },
    "weighted avg": {
        "precision": 0.8522833886328959,
        "recall": 0.8497,
        "f1-score": 0.8498128516529195,
        "support": 10000.0
    }
}